file,best_distance,avg_distance,std_distance,best_vehicles,avg_vehicles,std_vehicles,avg_time
RC101,185.90787650875717,217.63247181804468,25.903023601349048,2,2.6,0.48989794855663565,2.007517862319946
